name,count
m0,669
m1,273
m10,627
m100,1069
m101,641
m102,680
m103,862
m104,740
m105,1214
m106,749
m107,504
m108,413
m109,673
m11,368
m110,327
m111,532
m112,715
m113,481
m114,252
m115,359
m116,261
m117,518
m118,777
m119,810
m12,291
m120,655
m121,439
m122,430
m123,490
m124,654
m125,407
m126,683
m127,910
m128,546
m129,561
m13,236
m130,462
m131,633
m132,512
m133,517
m134,273
m135,193
m136,438
m137,304
m138,122
m139,942
m14,317
m140,798
m141,734
m142,383
m143,429
m144,543
m145,473
m146,378
m147,445
m148,263
m149,1015
m15,359
m150,951
m151,600
m152,906
m153,316
m154,499
m155,344
m156,347
m157,382
m158,310
m159,472
m16,1007
m160,473
m161,657
m162,666
m163,765
m164,463
m165,484
m166,450
m167,601
m168,605
m169,614
m17,578
m170,465
m171,507
m172,470
m173,330
m174,497
m175,878
m176,149
m177,306
m178,823
m179,264
m18,557
m180,415
m181,599
m182,266
m183,320
m184,195
m185,403
m186,354
m187,366
m188,453
m189,411
m19,669
m190,552
m191,326
m192,439
m193,616
m194,624
m195,475
m196,423
m197,516
m198,579
m199,625
m2,672
m20,678
m200,529
m201,578
m202,817
m203,536
m204,691
m205,505
m206,75
m207,553
m208,865
m209,340
m21,526
m210,226
m211,384
m212,452
m213,351
m214,579
m215,475
m216,672
m217,817
m218,288
m219,439
m22,483
m220,634
m221,469
m222,364
m223,448
m224,595
m225,711
m226,187
m227,290
m228,508
m229,820
m23,498
m230,850
m231,688
m232,338
m233,444
m234,854
m235,601
m236,637
m237,283
m238,1187
m239,657
m24,480
m240,635
m241,375
m242,259
m243,1051
m244,861
m245,320
m246,971
m247,594
m248,392
m249,572
m25,576
m250,597
m251,705
m252,516
m253,324
m254,310
m255,254
m256,510
m257,572
m258,414
m259,258
m26,131
m260,338
m261,338
m262,318
m263,253
m264,292
m265,525
m266,747
m267,633
m268,303
m269,810
m27,700
m270,11
m271,209
m272,275
m273,595
m274,292
m275,680
m276,691
m277,132
m278,736
m279,536
m28,338
m280,393
m281,579
m282,414
m283,625
m284,451
m285,723
m286,464
m287,655
m288,528
m289,1530
m29,678
m290,353
m291,713
m292,911
m293,869
m294,469
m295,1398
m296,863
m297,171
m298,675
m299,1286
m3,272
m30,407
m300,469
m301,444
m302,578
m303,516
m304,542
m305,313
m306,558
m307,144
m308,590
m309,622
m31,359
m310,330
m311,249
m312,808
m313,445
m314,688
m315,217
m316,503
m317,207
m318,491
m319,262
m32,515
m320,529
m321,303
m322,610
m323,264
m324,626
m325,242
m326,516
m327,665
m328,208
m329,772
m33,385
m330,627
m331,378
m332,657
m333,878
m334,679
m335,573
m336,733
m337,563
m338,50
m339,249
m34,494
m340,266
m341,611
m342,1051
m343,347
m344,612
m345,450
m346,402
m347,708
m348,779
m349,255
m35,980
m350,139
m351,281
m352,488
m353,508
m354,174
m355,719
m356,416
m357,284
m358,513
m359,194
m36,689
m360,194
m361,168
m362,228
m363,567
m364,216
m365,380
m366,410
m367,470
m368,929
m369,670
m37,501
m370,701
m371,651
m372,293
m373,879
m374,602
m375,435
m376,716
m377,420
m378,345
m379,319
m38,909
m380,1080
m381,667
m382,216
m383,425
m384,207
m385,296
m386,389
m387,379
m388,417
m389,535
m39,390
m390,529
m391,476
m392,332
m393,243
m394,390
m395,424
m396,297
m397,570
m398,284
m399,477
m4,578
m40,281
m400,363
m401,285
m402,639
m403,652
m404,547
m405,630
m406,13
m407,474
m408,573
m409,286
m41,440
m410,307
m411,539
m412,224
m413,383
m414,143
m415,462
m416,591
m417,322
m418,592
m419,449
m42,834
m420,321
m421,333
m422,413
m423,884
m424,538
m425,328
m426,427
m427,706
m428,1114
m429,469
m43,400
m430,285
m431,674
m432,355
m433,490
m434,447
m435,1094
m436,463
m437,467
m438,251
m439,263
m44,576
m440,243
m441,396
m442,456
m443,439
m444,671
m445,505
m446,484
m447,277
m448,349
m449,484
m45,615
m450,649
m451,650
m452,497
m453,530
m454,412
m455,557
m456,29
m457,426
m458,466
m459,79
m46,490
m460,245
m461,339
m462,658
m463,702
m464,702
m465,622
m466,183
m467,992
m468,332
m469,718
m47,288
m470,141
m471,546
m472,442
m473,416
m474,228
m475,849
m476,339
m477,295
m478,105
m479,634
m48,559
m480,500
m481,383
m482,578
m483,116
m484,32
m485,353
m486,54
m487,817
m488,394
m489,261
m49,359
m490,189
m491,662
m492,357
m493,306
m494,554
m495,610
m496,527
m497,325
m498,470
m499,635
m5,421
m50,502
m500,267
m501,559
m502,483
m503,676
m504,238
m505,479
m506,441
m507,714
m508,517
m509,372
m51,306
m510,175
m511,577
m512,612
m513,1164
m514,482
m515,168
m516,756
m517,450
m518,685
m519,714
m52,321
m520,400
m521,13
m522,1065
m523,363
m524,399
m525,588
m526,386
m527,549
m528,1040
m529,291
m53,463
m530,522
m531,327
m532,998
m533,801
m534,398
m535,180
m536,596
m537,1031
m538,260
m539,659
m54,562
m540,472
m541,484
m542,319
m543,241
m544,453
m545,572
m546,483
m547,250
m548,392
m549,236
m55,828
m550,607
m551,315
m552,611
m553,439
m554,462
m555,345
m556,462
m557,259
m558,603
m559,122
m56,151
m560,587
m561,523
m562,202
m563,345
m564,731
m565,717
m566,274
m567,149
m568,511
m569,830
m57,601
m570,735
m571,238
m572,353
m573,510
m574,397
m575,718
m576,522
m577,468
m578,355
m579,402
m58,450
m580,105
m581,486
m582,370
m583,363
m584,319
m585,490
m586,712
m587,353
m588,916
m589,733
m59,589
m590,276
m591,568
m592,387
m593,708
m594,676
m595,834
m596,358
m597,402
m598,758
m599,495
m6,584
m60,368
m600,146
m601,659
m602,6
m603,474
m604,233
m605,658
m606,509
m607,322
m608,298
m609,357
m61,361
m610,601
m611,312
m612,367
m613,412
m614,175
m615,576
m616,73
m62,729
m63,341
m64,233
m65,448
m66,498
m67,305
m68,574
m69,463
m7,155
m70,746
m71,571
m72,985
m73,291
m74,498
m75,454
m76,377
m77,1014
m78,832
m79,552
m8,206
m80,261
m81,185
m82,1160
m83,536
m84,530
m85,116
m86,289
m87,508
m88,824
m89,649
m9,212
m90,1149
m91,303
m92,613
m93,554
m94,695
m95,97
m96,175
m97,347
m98,418
m99,364
